Customer_ID,Customer_Name,Customer_Type,City,Email,Phone
C0001,Customer 1,Hotel,Pune,customer1@example.com,9808300407
C0002,Customer 2,Food Plant,Hyderabad,customer2@example.com,9736705687
C0003,Customer 3,Food Plant,Delhi,customer3@example.com,9558317195
C0004,Customer 4,Restaurant,Delhi,customer4@example.com,9886402885
C0005,Customer 5,Restaurant,Mumbai,customer5@example.com,9128267915
C0006,Customer 6,Manufacturing,Bengaluru,customer6@example.com,9921057196
C0007,Customer 7,Hotel,Hyderabad,customer7@example.com,9503632924
C0008,Customer 8,Food Plant,Mumbai,customer8@example.com,9733391953
C0009,Customer 9,Hospital,Mumbai,customer9@example.com,9268764478
C0010,Customer 10,Hotel,Mumbai,customer10@example.com,9799870409
C0011,Customer 11,Restaurant,Delhi,,9245921857
C0012,Customer 12,Manufacturing,Chennai,customer12@example.com,9314450691
C0013,Customer 13,Food Plant,Delhi,customer13@example.com,9837382361
C0014,Customer 14,Food Plant,Chennai,customer14@example.com,9383926093
C0015,Customer 15,Food Plant,Delhi,customer15@example.com,9494141645
C0016,Customer 16,Food Plant,Pune,customer16@example.com,9041665319
C0017,Customer 17,Restaurant,Delhi,customer17@example.com,9115856724
C0018,Customer 18,Hotel,Pune,customer18@example.com,9055947320
C0019,Customer 19,Manufacturing,Bengaluru,customer19@example.com,9072059146
C0020,Customer 20,Restaurant,Hyderabad,customer20@example.com,9868520525
C0021,Customer 21,Restaurant,Bengaluru,customer21@example.com,9841993209
C0022,Customer 22,Hospital,Pune,customer22@example.com,9821886307
C0023,Customer 23,Hotel,Mumbai,customer23@example.com,9055567916
C0024,Customer 24,Manufacturing,Chennai,customer24@example.com,9077644901
C0025,Customer 25,Food Plant,Mumbai,customer25@example.com,9280611435
C0026,Customer 26,Food Plant,Mumbai,customer26@example.com,
C0027,Customer 27,Restaurant,Delhi,customer27@example.com,9487560099
C0028,Customer 28,Manufacturing,Pune,customer28@example.com,9172994444
C0029,Customer 29,Restaurant,Delhi,customer29@example.com,9730778017
C0030,Customer 30,Restaurant,Delhi,customer30@example.com,9313893369
C0031,Customer 31,Restaurant,Hyderabad,customer31@example.com,9066540820
C0032,Customer 32,Hospital,Pune,customer32@example.com,9742692565
C0033,Customer 33,Hotel,Pune,customer33@example.com,9902788397
C0034,Customer 34,Restaurant,Mumbai,customer34@example.com,9014682843
C0035,Customer 35,Manufacturing,Hyderabad,customer35@example.com,9436673043
C0036,Customer 36,Hotel,Pune,customer36@example.com,9827173423
C0037,Customer 37,Manufacturing,Bengaluru,customer37@example.com,9706164813
C0038,Customer 38,Manufacturing,Pune,customer38@example.com,9856548022
C0039,Customer 39,Hospital,Hyderabad,customer39@example.com,9415210033
C0040,Customer 40,Food Plant,Pune,customer40@example.com,9372261572
C0041,Customer 41,Hotel,PUNE,customer41@example.com,9709175943
C0042,Customer 42,Food Plant,Pune,customer42@example.com,9153612898
C0043,Customer 43,Food Plant,Mumbai,customer43@example.com,9239421316
C0044,Customer 44,Hospital,Mumbai,customer44@example.com,9600840407
C0045,Customer 45,Hotel,Chennai,customer45@example.com,9668454617
C0046,Customer 46,Manufacturing,Pune,customer46@example.com,9119672555
C0047,Customer 47,Restaurant,Bengaluru,customer47@example.com,9508310197
C0048,Customer 48,Manufacturing,Hyderabad,customer48@example.com,9364919360
C0049,Customer 49,Food Plant,Hyderabad,customer49@example.com,9958429179
C0050,Customer 50,Food Plant,Chennai,customer50@example.com,9076610499
C0051,Customer 51,Food Plant,Chennai,customer51@example.com,9995464471
C0052,Customer 52,Hotel,Bengaluru,customer52@example.com,9449578695
C0053,Customer 53,Hospital,Chennai,customer53@example.com,9772104890
C0054,Customer 54,Restaurant,Mumbai,customer54@example.com,9424470619
C0055,Customer 55,Restaurant,Delhi,customer55@example.com,9310961509
C0056,Customer 56,Hotel,Hyderabad,customer56@example.com,9770599732
C0057,Customer 57,Restaurant,Chennai,customer57@example.com,9687665048
C0058,Customer 58,Hotel,Delhi,customer58@example.com,9144057981
C0059,Customer 59,Food Plant,Chennai,customer59@example.com,9705406364
C0060,Customer 60,Food Plant,Delhi,customer60@example.com,9753077384
C0061,Customer 61,Manufacturing,Hyderabad,customer61@example.com,9387841694
C0062,Customer 62,Food Plant,Pune,customer62@example.com,9925649529
C0063,Customer 63,Hospital,Bengaluru,customer63@example.com,9640888633
C0064,Customer 64,Manufacturing,Mumbai,customer64@example.com,9333628368
C0065,Customer 65,Restaurant,Delhi,customer65@example.com,9010727644
C0066,Customer 66,Hospital,Mumbai,customer66@example.com,9674960391
C0067,Customer 67,Manufacturing,Mumbai,customer67@example.com,9209057658
C0068,Customer 68,Hospital,Mumbai,customer68@example.com,9756526505
C0069,Customer 69,Hotel,Hyderabad,customer69@example.com,9525088302
C0070,Customer 70,Restaurant,Hyderabad,customer70@example.com,9466726588
C0071,Customer 71,Food Plant,Delhi,customer71@example.com,9163751303
C0072,Customer 72,Hotel,Bengaluru,customer72@example.com,9711505280
C0073,Customer 73,Restaurant,Mumbai,customer73@example.com,9165906867
C0074,Customer 74,Hotel,Pune,customer74@example.com,9417753717
C0075,Customer 75,Food Plant,Pune,customer75@example.com,9836304289
C0076,Customer 76,hospital,Bengaluru,customer76@example.com,9920365847
C0077,Customer 77,Hospital,Delhi,customer77@example.com,9989133001
C0078,Customer 78,Hospital,Hyderabad,customer78@example.com,9958011972
C0079,Customer 79,Restaurant,Delhi,customer79@example.com,9555969427
C0080,Customer 80,Food Plant,Pune,customer80@example.com,9200480540
C0081,Customer 81,Manufacturing,Pune,customer81@example.com,9839069729
C0082,Customer 82,Restaurant,Delhi,customer82@example.com,9801630522
C0083,Customer 83,Hotel,Pune,customer83@example.com,9990321663
C0084,Customer 84,Manufacturing,Pune,customer84@example.com,9650947894
C0085,Customer 85,Food Plant,Bengaluru,customer85@example.com,9141595888
C0086,Customer 86,Food Plant,Delhi,customer86@example.com,9502902201
C0087,Customer 87,Hotel,Chennai,customer87@example.com,9448245612
C0088,Customer 88,Hospital,Pune,customer88@example.com,9842947242
C0089,Customer 89,Food Plant,Delhi,customer89@example.com,9392572715
C0090,Customer 90,Manufacturing,Delhi,customer90@example.com,9328592707
C0091,,Restaurant,Chennai,customer91@example.com,9080049283
C0092,Customer 92,Manufacturing,Delhi,customer92@example.com,9835456547
C0093,Customer 93,Manufacturing,Mumbai,customer93@example.com,9755330171
C0094,Customer 94,Hospital,Delhi,customer94@example.com,9041227700
C0095,Customer 95,Manufacturing,Mumbai,customer95@example.com,9433779026
C0096,Customer 96,Hospital,Chennai,customer96@example.com,9479718134
C0097,Customer 97,Hospital,Hyderabad,customer97@example.com,9469326933
C0098,Customer 98,Food Plant,Chennai,customer98@example.com,9918931222
C0099,Customer 99,Food Plant,Hyderabad,customer99@example.com,9150672973
C0100,Customer 100,Hotel,Hyderabad,customer100@example.com,9306344495
C0101,Customer 101,Manufacturing,Hyderabad,customer101@example.com,9180926651
C0102,Customer 102,Hotel,Chennai,customer102@example.com,9244084573
C0103,Customer 103,Manufacturing,Chennai,customer103@example.com,9907103621
C0104,Customer 104,Hotel,Pune,customer104@example.com,9940722127
C0105,Customer 105,Food Plant,Chennai,customer105@example.com,9044649088
C0106,Customer 106,Food Plant,Hyderabad,customer106@example.com,9632091858
C0107,Customer 107,Food Plant,Mumbai,customer107@example.com,9232852284
C0108,Customer 108,Food Plant,Hyderabad,customer108@example.com,9192561071
C0109,Customer 109,Restaurant,Delhi,customer109@example.com,9292059329
C0110,Customer 110,Food Plant,Delhi,customer110@example.com,9194387021
C0111,Customer 111,Hospital,Delhi,customer111@example.com,9490197541
C0112,Customer 112,Food Plant,Bengaluru,customer112@example.com,9995610627
C0113,Customer 113,Restaurant,Chennai,customer113@example.com,9586445172
C0114,Customer 114,Restaurant,Bengaluru,customer114@example.com,9493289975
C0115,Customer 115,Restaurant,Chennai,customer115@example.com,9013907270
C0116,Customer 116,Restaurant,Hyderabad,customer116@example.com,9084115334
C0117,Customer 117,Hotel,Mumbai,customer117@example.com,9268872596
C0118,Customer 118,Hotel,Mumbai,customer118@example.com,9243667453
C0119,Customer 119,Hospital,Pune,customer119@example.com,9840579464
C0120,Customer 120,Hotel,Pune,customer120@example.com,9843588383
C0121,Customer 121,Restaurant,Bengaluru,customer121@example.com,9854121379
C0122,Customer 122,Food Plant,Bengaluru,customer122@example.com,9637588699
C0123,Customer 123,Food Plant,Pune,customer123@example.com,9556173155
C0124,Customer 124,Restaurant,Bengaluru,customer124@example.com,9649149049
C0125,Customer 125,Manufacturing,Hyderabad,customer125@example.com,9406806890
C0126,Customer 126,Restaurant,Mumbai,customer126@example.com,9670203254
C0127,Customer 127,Hotel,Bengaluru,customer127@example.com,9794442742
C0128,Customer 128,Food Plant,Bengaluru,customer128@example.com,9762903018
C0129,Customer 129,Restaurant,Hyderabad,customer129@example.com,9613830328
C0130,Customer 130,Food Plant,Bengaluru,customer130@example.com,9058108481
C0131,Customer 131,Restaurant,Chennai,customer131@example.com,9724949433
C0132,Customer 132,Restaurant,Mumbai,customer132@example.com,9366608384
C0133,Customer 133,Hotel,Bengaluru,customer133@example.com,9743667293
C0134,Customer 134,Restaurant,Bengaluru,customer134@example.com,9539527434
C0135,Customer 135,Food Plant,Mumbai,customer135@example.com,9881185779
C0136,Customer 136,Hospital,Chennai,customer136@example.com,9338456482
C0137,Customer 137,Food Plant,Mumbai,customer137@example.com,9931394220
C0138,Customer 138,Hotel,Mumbai,customer138@example.com,9844478872
C0139,Customer 139,Hospital,Chennai,customer139@example.com,9531348033
C0140,Customer 140,Restaurant,Delhi,customer140@example.com,9768627588
C0141,Customer 141,Manufacturing,Chennai,customer141@example.com,9689157181
C0142,Customer 142,Hospital,Delhi,customer142@example.com,9852015515
C0143,Customer 143,Hospital,Delhi,customer143@example.com,9369867791
C0144,Customer 144,Restaurant,Bengaluru,customer144@example.com,9504791482
C0145,Customer 145,Manufacturing,Chennai,customer145@example.com,9430864766
C0146,Customer 146,Manufacturing,Mumbai,customer146@example.com,9909552242
C0147,Customer 147,Hotel,Bengaluru,customer147@example.com,9304980590
C0148,Customer 148,Hospital,Hyderabad,customer148@example.com,9587123939
C0149,Customer 149,Manufacturing,Delhi,customer149@example.com,9120166143
C0150,Customer 150,Hotel,Delhi,customer150@example.com,9850274297
C0151,Customer 151,Manufacturing,Bengaluru,customer151@example.com,9384217953
C0152,Customer 152,Hospital,Hyderabad,customer152@example.com,9340590795
C0153,Customer 153,Manufacturing,Mumbai,customer153@example.com,9582917214
C0154,Customer 154,Hospital,Chennai,customer154@example.com,9498816957
C0155,Customer 155,Restaurant,Hyderabad,customer155@example.com,9847976311
C0156,Customer 156,Food Plant,Hyderabad,customer156@example.com,9531411040
C0157,Customer 157,Hotel,Chennai,customer157@example.com,9516994668
C0158,Customer 158,Restaurant,Hyderabad,customer158@example.com,9104979715
C0159,Customer 159,Restaurant,Pune,customer159@example.com,9021938146
C0160,Customer 160,Food Plant,Mumbai,customer160@example.com,9398552506
C0161,Customer 161,Manufacturing,Mumbai,customer161@example.com,9917337671
C0162,Customer 162,Food Plant,Chennai,customer162@example.com,9628979697
C0163,Customer 163,Restaurant,Pune,customer163@example.com,9630832239
C0164,Customer 164,Restaurant,Mumbai,customer164@example.com,9391503670
C0165,Customer 165,Restaurant,Hyderabad,customer165@example.com,9177506582
C0166,Customer 166,Manufacturing,Chennai,customer166@example.com,9008546730
C0167,Customer 167,Hospital,Hyderabad,customer167@example.com,9338855635
C0168,Customer 168,Hotel,Delhi,customer168@example.com,9316468143
C0169,Customer 169,Hospital,Delhi,customer169@example.com,9191603009
C0170,Customer 170,Hotel,Pune,customer170@example.com,9259167022
C0171,Customer 171,Hotel,Delhi,customer171@example.com,9024823131
C0172,Customer 172,Hotel,Hyderabad,customer172@example.com,9607960194
C0173,Customer 173,Food Plant,Hyderabad,customer173@example.com,9927460457
C0174,Customer 174,Food Plant,Pune,customer174@example.com,9690799961
C0175,Customer 175,Food Plant,Hyderabad,customer175@example.com,9448207327
C0176,Customer 176,Restaurant,Chennai,customer176@example.com,9420268178
C0177,Customer 177,Food Plant,Hyderabad,customer177@example.com,9142406085
C0178,Customer 178,Hotel,Pune,customer178@example.com,9598477190
C0179,Customer 179,Manufacturing,Hyderabad,customer179@example.com,9566523985
C0180,Customer 180,Restaurant,Delhi,customer180@example.com,9007314456
C0181,Customer 181,Manufacturing,Chennai,customer181@example.com,9415521519
C0182,Customer 182,Hotel,Pune,customer182@example.com,9278022106
C0183,Customer 183,Restaurant,Delhi,customer183@example.com,9170281734
C0184,Customer 184,Food Plant,Delhi,customer184@example.com,9703033464
C0185,Customer 185,Restaurant,Mumbai,customer185@example.com,9525826151
C0186,Customer 186,Restaurant,Chennai,customer186@example.com,9633769772
C0187,Customer 187,Hotel,Bengaluru,customer187@example.com,9713481639
C0188,Customer 188,Hospital,Hyderabad,customer188@example.com,9981805946
C0189,Customer 189,Hospital,Bengaluru,customer189@example.com,9802762651
C0190,Customer 190,Hospital,Chennai,customer190@example.com,9620357708
C0191,Customer 191,Food Plant,Delhi,customer191@example.com,9879021553
C0192,Customer 192,Food Plant,Chennai,customer192@example.com,9477505872
C0193,Customer 193,Food Plant,Delhi,customer193@example.com,9984766598
C0194,Customer 194,Hospital,Delhi,customer194@example.com,9761432562
C0195,Customer 195,Manufacturing,Pune,customer195@example.com,9650883348
C0196,Customer 196,Hotel,Mumbai,customer196@example.com,9903327870
C0197,Customer 197,Hospital,Chennai,customer197@example.com,9515078900
C0198,Customer 198,Hotel,Hyderabad,customer198@example.com,9720695945
C0199,Customer 199,Hospital,Pune,customer199@example.com,9284730884
C0200,Customer 200,Manufacturing,Pune,customer200@example.com,9963211222
C0201,Customer 201,Hospital,Hyderabad,customer201@example.com,9623367385
C0202,Customer 202,Manufacturing,Hyderabad,customer202@example.com,9782005169
C0203,Customer 203,Restaurant,Mumbai,customer203@example.com,9460737661
C0204,Customer 204,Food Plant,Mumbai,customer204@example.com,9866801437
C0205,Customer 205,Restaurant,Pune,customer205@example.com,9074177867
C0206,Customer 206,Hospital,Hyderabad,customer206@example.com,9507116487
C0207,Customer 207,Food Plant,Pune,customer207@example.com,9732413502
C0208,Customer 208,Manufacturing,Hyderabad,customer208@example.com,9809219111
C0209,Customer 209,Hospital,Bengaluru,customer209@example.com,9440088698
C0210,Customer 210,Food Plant,Bengaluru,customer210@example.com,9649673206
C0211,Customer 211,Hospital,Chennai,customer211@example.com,9553103801
C0212,Customer 212,Food Plant,Hyderabad,customer212@example.com,9961522948
C0213,Customer 213,Food Plant,Chennai,customer213@example.com,9654102408
C0214,Customer 214,Restaurant,Chennai,customer214@example.com,9416843937
C0215,Customer 215,Food Plant,Delhi,customer215@example.com,9969815115
C0216,Customer 216,Hospital,Chennai,customer216@example.com,9107253039
C0217,Customer 217,Hotel,Hyderabad,customer217@example.com,9984578080
C0218,Customer 218,Hotel,Bengaluru,customer218@example.com,9154013044
C0219,Customer 219,Restaurant,Mumbai,customer219@example.com,9288228245
C0220,Customer 220,Manufacturing,Hyderabad,customer220@example.com,9821470067
C0221,Customer 221,Hotel,Pune,customer221@example.com,9733753496
C0222,Customer 222,Restaurant,Delhi,customer222@example.com,9970354239
C0223,Customer 223,Food Plant,Delhi,customer223@example.com,9749983536
C0224,Customer 224,Hospital,Pune,customer224@example.com,9637008490
C0225,Customer 225,Food Plant,Chennai,customer225@example.com,9346492860
C0226,Customer 226,Hospital,Pune,customer226@example.com,9004712556
C0227,Customer 227,Manufacturing,Chennai,customer227@example.com,9123869774
C0228,Customer 228,Restaurant,Pune,customer228@example.com,9297777235
C0229,Customer 229,Restaurant,Bengaluru,customer229@example.com,9040946960
C0230,Customer 230,Hotel,Hyderabad,customer230@example.com,9508179646
C0231,Customer 231,Restaurant,Chennai,customer231@example.com,9777343126
C0232,Customer 232,Manufacturing,Bengaluru,customer232@example.com,9963254751
C0233,Customer 233,Hotel,Delhi,customer233@example.com,9489699741
C0234,Customer 234,Food Plant,Chennai,customer234@example.com,9875005134
C0235,Customer 235,Restaurant,Mumbai,customer235@example.com,9985540168
C0236,Customer 236,Food Plant,Chennai,customer236@example.com,9859828471
C0237,Customer 237,Food Plant,Chennai,customer237@example.com,9464973455
C0238,Customer 238,Restaurant,Bengaluru,customer238@example.com,9325260388
C0239,Customer 239,Hospital,Chennai,customer239@example.com,9241911567
C0240,Customer 240,Food Plant,Delhi,customer240@example.com,9411576001
C0241,Customer 241,Hotel,Chennai,customer241@example.com,9074030492
C0242,Customer 242,Restaurant,Chennai,customer242@example.com,9793682149
C0243,Customer 243,Hotel,Hyderabad,customer243@example.com,9649837176
C0244,Customer 244,Food Plant,Mumbai,customer244@example.com,9084819272
C0245,Customer 245,Food Plant,Chennai,customer245@example.com,9221928085
C0246,Customer 246,Hotel,Bengaluru,customer246@example.com,9555461709
C0247,Customer 247,Food Plant,Hyderabad,customer247@example.com,9266097449
C0248,Customer 248,Restaurant,Mumbai,customer248@example.com,9924701666
C0249,Customer 249,Food Plant,Mumbai,customer249@example.com,9444473645
C0250,Customer 250,Hotel,Pune,customer250@example.com,9822583089
C0251,Customer 251,Hotel,Delhi,customer251@example.com,9036970727
C0252,Customer 252,Restaurant,Pune,customer252@example.com,9055053687
C0253,Customer 253,Hotel,Pune,customer253@example.com,9372702340
C0254,Customer 254,Hospital,Delhi,customer254@example.com,9953153037
C0255,Customer 255,Food Plant,Hyderabad,customer255@example.com,9368978100
C0256,Customer 256,Hotel,Bengaluru,customer256@example.com,9109282290
C0257,Customer 257,Food Plant,Chennai,customer257@example.com,9931564571
C0258,Customer 258,Hotel,Bengaluru,customer258@example.com,9675305627
C0259,Customer 259,Hotel,Pune,customer259@example.com,9762691601
C0260,Customer 260,Restaurant,Chennai,customer260@example.com,9713258195
C0261,Customer 261,Food Plant,Mumbai,customer261@example.com,9657026580
C0262,Customer 262,Hotel,Hyderabad,customer262@example.com,9773720681
C0263,Customer 263,Hospital,Delhi,customer263@example.com,9008124777
C0264,Customer 264,Manufacturing,Delhi,customer264@example.com,9865456547
C0265,Customer 265,Manufacturing,Bengaluru,customer265@example.com,9739864910
C0266,Customer 266,Restaurant,Chennai,customer266@example.com,9739431467
C0267,Customer 267,Restaurant,Hyderabad,customer267@example.com,9393436587
C0268,Customer 268,Hospital,Bengaluru,customer268@example.com,9800871591
C0269,Customer 269,Food Plant,Pune,customer269@example.com,9381818297
C0270,Customer 270,Restaurant,Bengaluru,customer270@example.com,9048963709
C0271,Customer 271,Hospital,Hyderabad,customer271@example.com,9907817427
C0272,Customer 272,Hotel,Delhi,customer272@example.com,9234535149
C0273,Customer 273,Hotel,Pune,customer273@example.com,9101900128
C0274,Customer 274,Manufacturing,Chennai,customer274@example.com,9621897772
C0275,Customer 275,Restaurant,Delhi,customer275@example.com,9233653249
C0276,Customer 276,Restaurant,Delhi,customer276@example.com,9858125303
C0277,Customer 277,Restaurant,Bengaluru,customer277@example.com,9443750270
C0278,Customer 278,Food Plant,Pune,customer278@example.com,9004500124
C0279,Customer 279,Hotel,Mumbai,customer279@example.com,9951718141
C0280,Customer 280,Hotel,Delhi,customer280@example.com,9514629341
C0281,Customer 281,Hospital,Delhi,customer281@example.com,9262977329
C0282,Customer 282,Restaurant,Hyderabad,customer282@example.com,9677287398
C0283,Customer 283,Food Plant,Pune,customer283@example.com,9530610485
C0284,Customer 284,Restaurant,Pune,customer284@example.com,9029607288
C0285,Customer 285,Restaurant,Bengaluru,customer285@example.com,9401355556
C0286,Customer 286,Manufacturing,Hyderabad,customer286@example.com,9699817412
C0287,Customer 287,Hotel,Pune,customer287@example.com,9895634880
C0288,Customer 288,Restaurant,Chennai,customer288@example.com,9610612808
C0289,Customer 289,Restaurant,Hyderabad,customer289@example.com,9254650192
C0290,Customer 290,Restaurant,Pune,customer290@example.com,9415001628
C0291,Customer 291,Manufacturing,Pune,customer291@example.com,9852781128
C0292,Customer 292,Hospital,Bengaluru,customer292@example.com,9524192974
C0293,Customer 293,Manufacturing,Chennai,customer293@example.com,9348031422
C0294,Customer 294,Hospital,Chennai,customer294@example.com,9779610572
C0295,Customer 295,Restaurant,Bengaluru,customer295@example.com,9853344670
C0296,Customer 296,Restaurant,Mumbai,customer296@example.com,9902533364
C0297,Customer 297,Manufacturing,Delhi,customer297@example.com,9298943650
C0298,Customer 298,Restaurant,Bengaluru,customer298@example.com,9709640259
C0299,Customer 299,Hospital,Mumbai,customer299@example.com,9590320250
C0300,Customer 300,Hotel,Bengaluru,customer300@example.com,9448971844
C0301,Customer 301,Hospital,Pune,customer301@example.com,9396940067
C0302,Customer 302,Manufacturing,Mumbai,customer302@example.com,9114553299
C0303,Customer 303,Hotel,Hyderabad,customer303@example.com,9274825050
C0304,Customer 304,Manufacturing,Delhi,customer304@example.com,9549665197
C0305,Customer 305,Restaurant,Chennai,customer305@example.com,9886557561
C0306,Customer 306,Hotel,Chennai,customer306@example.com,9866341579
C0307,Customer 307,Hospital,Hyderabad,customer307@example.com,9187593681
C0308,Customer 308,Restaurant,Pune,customer308@example.com,9084811590
C0309,Customer 309,Hospital,Bengaluru,customer309@example.com,9675013069
C0310,Customer 310,Hotel,Delhi,customer310@example.com,9449848278
C0311,Customer 311,Food Plant,Pune,customer311@example.com,9717639146
C0312,Customer 312,Food Plant,Delhi,customer312@example.com,9424888401
C0313,Customer 313,Hotel,Chennai,customer313@example.com,9807431605
C0314,Customer 314,Hospital,Mumbai,customer314@example.com,9533580706
C0315,Customer 315,Hospital,Chennai,customer315@example.com,9998743368
C0316,Customer 316,Food Plant,Delhi,customer316@example.com,9638240815
C0317,Customer 317,Food Plant,Pune,customer317@example.com,9296362056
C0318,Customer 318,Food Plant,Pune,customer318@example.com,9775287469
C0319,Customer 319,Manufacturing,Hyderabad,customer319@example.com,9407941950
C0320,Customer 320,Food Plant,Delhi,customer320@example.com,9534168450
C0321,Customer 321,Hospital,Pune,customer321@example.com,9136821277
C0322,Customer 322,Hotel,Hyderabad,customer322@example.com,9119343174
C0323,Customer 323,Food Plant,Pune,customer323@example.com,9186690929
C0324,Customer 324,Manufacturing,Hyderabad,customer324@example.com,9997580036
C0325,Customer 325,Manufacturing,Hyderabad,customer325@example.com,9855673656
C0326,Customer 326,Hospital,Pune,customer326@example.com,9700881009
C0327,Customer 327,Hospital,Chennai,customer327@example.com,9734699238
C0328,Customer 328,Hotel,Delhi,customer328@example.com,9595212839
C0329,Customer 329,Hotel,Delhi,customer329@example.com,9060290473
C0330,Customer 330,Restaurant,Pune,customer330@example.com,9392369092
C0331,Customer 331,Restaurant,Mumbai,customer331@example.com,9495801526
C0332,Customer 332,Hospital,Mumbai,customer332@example.com,9915298759
C0333,Customer 333,Hospital,Bengaluru,customer333@example.com,9219491165
C0334,Customer 334,Manufacturing,Pune,customer334@example.com,9496916595
C0335,Customer 335,Restaurant,Delhi,customer335@example.com,9344066491
C0336,Customer 336,Manufacturing,Chennai,customer336@example.com,9134366913
C0337,Customer 337,Manufacturing,Chennai,customer337@example.com,9103017964
C0338,Customer 338,Hospital,Mumbai,customer338@example.com,9365378462
C0339,Customer 339,Hospital,Pune,customer339@example.com,9082421288
C0340,Customer 340,Manufacturing,Delhi,customer340@example.com,9067166668
C0341,Customer 341,Food Plant,Mumbai,customer341@example.com,9350868354
C0342,Customer 342,Hospital,Hyderabad,customer342@example.com,9201979037
C0343,Customer 343,Food Plant,Delhi,customer343@example.com,9554809500
C0344,Customer 344,Restaurant,Pune,customer344@example.com,9017668780
C0345,Customer 345,Manufacturing,Pune,customer345@example.com,9301812732
C0346,Customer 346,Hospital,Pune,customer346@example.com,9453279915
C0347,Customer 347,Manufacturing,Pune,customer347@example.com,9963144233
C0348,Customer 348,Manufacturing,Pune,customer348@example.com,9634540264
C0349,Customer 349,Hotel,Chennai,customer349@example.com,9343292461
C0350,Customer 350,Hotel,Hyderabad,customer350@example.com,9449709960
C0351,Customer 351,Restaurant,Delhi,customer351@example.com,9420381770
C0352,Customer 352,Hotel,Chennai,customer352@example.com,9887394659
C0353,Customer 353,Hospital,Delhi,customer353@example.com,9959209271
C0354,Customer 354,Restaurant,Mumbai,customer354@example.com,9962334230
C0355,Customer 355,Manufacturing,Mumbai,customer355@example.com,9751963120
C0356,Customer 356,Manufacturing,Delhi,customer356@example.com,9503111239
C0357,Customer 357,Hotel,Mumbai,customer357@example.com,9540856636
C0358,Customer 358,Manufacturing,Pune,customer358@example.com,9980510193
C0359,Customer 359,Hotel,Chennai,customer359@example.com,9284540874
C0360,Customer 360,Food Plant,Chennai,customer360@example.com,9346707524
C0361,Customer 361,Manufacturing,Delhi,customer361@example.com,9896996797
C0362,Customer 362,Manufacturing,Delhi,customer362@example.com,9386322242
C0363,Customer 363,Hospital,Pune,customer363@example.com,9235097116
C0364,Customer 364,Manufacturing,Chennai,customer364@example.com,9560469503
C0365,Customer 365,Hotel,Delhi,customer365@example.com,9890873349
C0366,Customer 366,Restaurant,Chennai,customer366@example.com,9909064813
C0367,Customer 367,Restaurant,Chennai,customer367@example.com,9529542054
C0368,Customer 368,Hospital,Delhi,customer368@example.com,9983992333
C0369,Customer 369,Hotel,Bengaluru,customer369@example.com,9742317948
C0370,Customer 370,Food Plant,Pune,customer370@example.com,9215627326
C0371,Customer 371,Hospital,Bengaluru,customer371@example.com,9590744793
C0372,Customer 372,Food Plant,Mumbai,customer372@example.com,9619890468
C0373,Customer 373,Restaurant,Pune,customer373@example.com,9653439208
C0374,Customer 374,Hospital,Pune,customer374@example.com,9025010445
C0375,Customer 375,Manufacturing,Chennai,customer375@example.com,9299383291
C0376,Customer 376,Hotel,Hyderabad,customer376@example.com,9854613865
C0377,Customer 377,Food Plant,Hyderabad,customer377@example.com,9241372061
C0378,Customer 378,Food Plant,Chennai,customer378@example.com,9299695637
C0379,Customer 379,Hospital,Hyderabad,customer379@example.com,9322492346
C0380,Customer 380,Hospital,Hyderabad,customer380@example.com,9177387859
C0381,Customer 381,Hotel,Pune,customer381@example.com,9155441563
C0382,Customer 382,Manufacturing,Delhi,customer382@example.com,9347015551
C0383,Customer 383,Manufacturing,Bengaluru,customer383@example.com,9874314364
C0384,Customer 384,Hospital,Pune,customer384@example.com,9001534965
C0385,Customer 385,Hotel,Chennai,customer385@example.com,9283246932
C0386,Customer 386,Hotel,Chennai,customer386@example.com,9060626991
C0387,Customer 387,Hotel,Pune,customer387@example.com,9561489393
C0388,Customer 388,Manufacturing,Mumbai,customer388@example.com,9791974424
C0389,Customer 389,Manufacturing,Pune,customer389@example.com,9585016789
C0390,Customer 390,Hotel,Mumbai,customer390@example.com,9783824108
C0391,Customer 391,Food Plant,Pune,customer391@example.com,9634907754
C0392,Customer 392,Hotel,Chennai,customer392@example.com,9438386257
C0393,Customer 393,Hospital,Hyderabad,customer393@example.com,9860967045
C0394,Customer 394,Restaurant,Delhi,customer394@example.com,9476257307
C0395,Customer 395,Food Plant,Chennai,customer395@example.com,9949934503
C0396,Customer 396,Manufacturing,Hyderabad,customer396@example.com,9994701747
C0397,Customer 397,Hotel,Hyderabad,customer397@example.com,9674597476
C0398,Customer 398,Hotel,Pune,customer398@example.com,9255662560
C0399,Customer 399,Hospital,Pune,customer399@example.com,9814638442
C0400,Customer 400,Hospital,Hyderabad,customer400@example.com,9671592225
C0401,Customer 401,Manufacturing,Pune,customer401@example.com,9902553968
C0402,Customer 402,Food Plant,Pune,customer402@example.com,9267008271
C0403,Customer 403,Hospital,Mumbai,customer403@example.com,9787589835
C0404,Customer 404,Manufacturing,Delhi,customer404@example.com,9470275830
C0405,Customer 405,Restaurant,Bengaluru,customer405@example.com,9185179344
C0406,Customer 406,Restaurant,Chennai,customer406@example.com,9171196611
C0407,Customer 407,Restaurant,Bengaluru,customer407@example.com,9562170733
C0408,Customer 408,Hotel,Mumbai,customer408@example.com,9319449583
C0409,Customer 409,Manufacturing,Bengaluru,customer409@example.com,9101894157
C0410,Customer 410,Hotel,Pune,customer410@example.com,9427146300
C0411,Customer 411,Hotel,Chennai,customer411@example.com,9652922125
C0412,Customer 412,Hospital,Mumbai,customer412@example.com,9318949166
C0413,Customer 413,Hospital,Bengaluru,customer413@example.com,9955349427
C0414,Customer 414,Hotel,Delhi,customer414@example.com,9779547391
C0415,Customer 415,Hotel,Hyderabad,customer415@example.com,9512732063
C0416,Customer 416,Food Plant,Bengaluru,customer416@example.com,9934653700
C0417,Customer 417,Manufacturing,Hyderabad,customer417@example.com,9432972492
C0418,Customer 418,Hotel,Chennai,customer418@example.com,9139668523
C0419,Customer 419,Hospital,Mumbai,customer419@example.com,9035842751
C0420,Customer 420,Restaurant,Hyderabad,customer420@example.com,9938023565
C0421,Customer 421,Manufacturing,Delhi,customer421@example.com,9959774521
C0422,Customer 422,Food Plant,Hyderabad,customer422@example.com,9739250254
C0423,Customer 423,Food Plant,Bengaluru,customer423@example.com,9103002683
C0424,Customer 424,Restaurant,Pune,customer424@example.com,9293650499
C0425,Customer 425,Restaurant,Mumbai,customer425@example.com,9041079093
C0426,Customer 426,Hotel,Delhi,customer426@example.com,9051248542
C0427,Customer 427,Manufacturing,Hyderabad,customer427@example.com,9246066611
C0428,Customer 428,Manufacturing,Mumbai,customer428@example.com,9572141745
C0429,Customer 429,Hotel,Bengaluru,customer429@example.com,9065530433
C0430,Customer 430,Food Plant,Hyderabad,customer430@example.com,9984601105
C0431,Customer 431,Hotel,Hyderabad,customer431@example.com,9455117841
C0432,Customer 432,Food Plant,Chennai,customer432@example.com,9263845533
C0433,Customer 433,Manufacturing,Mumbai,customer433@example.com,9516087800
C0434,Customer 434,Hotel,Hyderabad,customer434@example.com,9790155339
C0435,Customer 435,Restaurant,Bengaluru,customer435@example.com,9312569948
C0436,Customer 436,Hotel,Delhi,customer436@example.com,9047513666
C0437,Customer 437,Restaurant,Pune,customer437@example.com,9050960482
C0438,Customer 438,Manufacturing,Pune,customer438@example.com,9851985887
C0439,Customer 439,Hotel,Bengaluru,customer439@example.com,9111600367
C0440,Customer 440,Hospital,Hyderabad,customer440@example.com,9635563438
C0441,Customer 441,Manufacturing,Chennai,customer441@example.com,9384504377
C0442,Customer 442,Hospital,Bengaluru,customer442@example.com,9777517127
C0443,Customer 443,Hotel,Delhi,customer443@example.com,9060528450
C0444,Customer 444,Restaurant,Bengaluru,customer444@example.com,9897792193
C0445,Customer 445,Restaurant,Pune,customer445@example.com,9698189724
C0446,Customer 446,Food Plant,Pune,customer446@example.com,9449277723
C0447,Customer 447,Hospital,Delhi,customer447@example.com,9207020541
C0448,Customer 448,Manufacturing,Pune,customer448@example.com,9977141879
C0449,Customer 449,Restaurant,Delhi,customer449@example.com,9302071568
C0450,Customer 450,Hospital,Mumbai,customer450@example.com,9490512099
C0451,Customer 451,Manufacturing,Pune,customer451@example.com,9394125776
C0452,Customer 452,Manufacturing,Mumbai,customer452@example.com,9230550331
C0453,Customer 453,Restaurant,Hyderabad,customer453@example.com,9416609632
C0454,Customer 454,Hotel,Bengaluru,customer454@example.com,9151484561
C0455,Customer 455,Restaurant,Chennai,customer455@example.com,9001660707
C0456,Customer 456,Restaurant,Hyderabad,customer456@example.com,9289992934
C0457,Customer 457,Hotel,Bengaluru,customer457@example.com,9112070370
C0458,Customer 458,Food Plant,Hyderabad,customer458@example.com,9414778904
C0459,Customer 459,Manufacturing,Delhi,customer459@example.com,9862764562
C0460,Customer 460,Hotel,Bengaluru,customer460@example.com,9162569243
C0461,Customer 461,Food Plant,Pune,customer461@example.com,9001233062
C0462,Customer 462,Hotel,Bengaluru,customer462@example.com,9111094116
C0463,Customer 463,Food Plant,Delhi,customer463@example.com,9508167355
C0464,Customer 464,Restaurant,Mumbai,customer464@example.com,9274838171
C0465,Customer 465,Hotel,Delhi,customer465@example.com,9489502005
C0466,Customer 466,Manufacturing,Hyderabad,customer466@example.com,9029247871
C0467,Customer 467,Hotel,Hyderabad,customer467@example.com,9333094160
C0468,Customer 468,Restaurant,Mumbai,customer468@example.com,9410134582
C0469,Customer 469,Hotel,Delhi,customer469@example.com,9431327019
C0470,Customer 470,Manufacturing,Pune,customer470@example.com,9551158275
C0471,Customer 471,Food Plant,Mumbai,customer471@example.com,9780581136
C0472,Customer 472,Manufacturing,Bengaluru,customer472@example.com,9467229927
C0473,Customer 473,Restaurant,Bengaluru,customer473@example.com,9841203705
C0474,Customer 474,Restaurant,Bengaluru,customer474@example.com,9529735402
C0475,Customer 475,Food Plant,Pune,customer475@example.com,9229018253
C0476,Customer 476,Food Plant,Mumbai,customer476@example.com,9322490440
C0477,Customer 477,Manufacturing,Pune,customer477@example.com,9597463957
C0478,Customer 478,Hotel,Hyderabad,customer478@example.com,9242482852
C0479,Customer 479,Food Plant,Bengaluru,customer479@example.com,9914173580
C0480,Customer 480,Hotel,Hyderabad,customer480@example.com,9479863399
C0481,Customer 481,Hospital,Hyderabad,customer481@example.com,9863272769
C0482,Customer 482,Manufacturing,Chennai,customer482@example.com,9683258356
C0483,Customer 483,Hospital,Hyderabad,customer483@example.com,9333352483
C0484,Customer 484,Food Plant,Hyderabad,customer484@example.com,9228252875
C0485,Customer 485,Restaurant,Hyderabad,customer485@example.com,9743944168
C0486,Customer 486,Hospital,Hyderabad,customer486@example.com,9330735741
C0487,Customer 487,Hospital,Hyderabad,customer487@example.com,9246867692
C0488,Customer 488,Restaurant,Mumbai,customer488@example.com,9930384616
C0489,Customer 489,Food Plant,Mumbai,customer489@example.com,9482629892
C0490,Customer 490,Food Plant,Chennai,customer490@example.com,9048569289
C0491,Customer 491,Manufacturing,Bengaluru,customer491@example.com,9494767638
C0492,Customer 492,Manufacturing,Hyderabad,customer492@example.com,9460769604
C0493,Customer 493,Food Plant,Mumbai,customer493@example.com,9863968494
C0494,Customer 494,Food Plant,Bengaluru,customer494@example.com,9711558040
C0495,Customer 495,Hospital,Hyderabad,customer495@example.com,9191357255
C0496,Customer 496,Restaurant,Hyderabad,customer496@example.com,9150454011
C0497,Customer 497,Hotel,Hyderabad,customer497@example.com,9603594567
C0498,Customer 498,Hospital,Bengaluru,customer498@example.com,9047374019
C0499,Customer 499,Manufacturing,Delhi,customer499@example.com,9319015957
C0500,Customer 500,Restaurant,Hyderabad,customer500@example.com,9138205371
C0101,Customer 101,Manufacturing,Hyderabad,customer101@example.com,9180926651
C0201,Customer 201,Hospital,Hyderabad,customer201@example.com,9623367385
C0301,Customer 301,Hospital,Pune,customer301@example.com,9396940067
