Product_ID,Product_Name,Category,Unit
P0001,Service Product 1,Healthcare,Unit
P0002,Service Product 2,Healthcare,Kg
P0003,Service Product 3,Healthcare,Unit
P0004,Service Product 4,Water Treatment,Unit
P0005,Service Product 5,Healthcare,Kg
P0006,Service Product 6,Healthcare,Kg
P0007,Service Product 7,Water Treatment,Kg
P0008,Service Product 8,Pest Control,Litre
P0009,Service Product 9,water treatment,Unit
P0010,Service Product 10,Food Safety,Unit
P0011,Service Product 11,Healthcare,Kg
P0012,Service Product 12,Food Safety,Kg
P0013,Service Product 13,Food Safety,Kg
P0014,Service Product 14,Cleaning,Unit
P0015,Service Product 15,Pest Control,Pack
P0016,Service Product 16,Pest Control,Litre
P0017,Service Product 17,Water Treatment,Kg
P0018,Service Product 18,Healthcare,Litre
P0019,Service Product 19,,Kg
P0020,Service Product 20,Cleaning,Litre
P0021,Service Product 21,Pest Control,Kg
P0022,Service Product 22,Water Treatment,Kg
P0023,Service Product 23,Cleaning,Kg
P0024,Service Product 24,Cleaning,Kg
P0025,Service Product 25,Healthcare,Pack
P0026,Service Product 26,Food Safety,Pack
P0027,Service Product 27,Food Safety,Litre
P0028,Service Product 28,Pest Control,Kg
P0029,Service Product 29,Food Safety,Pack
P0030,Service Product 30,Healthcare,Unit
P0031,service product 31,Water Treatment,Litre
P0032,Service Product 32,Cleaning,Unit
P0033,Service Product 33,Pest Control,Litre
P0034,Service Product 34,Pest Control,Litre
P0035,Service Product 35,Healthcare,Unit
P0036,Service Product 36,Cleaning,Unit
P0037,Service Product 37,Water Treatment,Pack
P0038,Service Product 38,Pest Control,Kg
P0039,Service Product 39,Healthcare,Pack
P0040,Service Product 40,Cleaning,Kg
P0041,Service Product 41,Food Safety,Unit
P0042,Service Product 42,Healthcare,Litre
P0043,Service Product 43,Food Safety,Litre
P0044,Service Product 44,Pest Control,Pack
P0045,Service Product 45,Water Treatment,Pack
P0046,Service Product 46,Cleaning,Pack
P0047,Service Product 47,Water Treatment,Kg
P0048,Service Product 48,Healthcare,Litre
P0049,Service Product 49,Healthcare,Pack
P0050,Service Product 50,Pest Control,Unit
P0051,Service Product 51,Food Safety,Litre
P0052,Service Product 52,Water Treatment,Pack
P0053,Service Product 53,Food Safety,Pack
P0054,Service Product 54,Water Treatment,Kg
P0055,Service Product 55,Healthcare,Pack
P0056,Service Product 56,Healthcare,Pack
P0057,Service Product 57,Pest Control,Unit
P0058,Service Product 58,Cleaning,Unit
P0059,Service Product 59,Cleaning,Kg
P0060,Service Product 60,Water Treatment,Pack
P0061,Service Product 61,Food Safety,Pack
P0062,Service Product 62,Food Safety,Pack
P0063,Service Product 63,Healthcare,Unit
P0064,Service Product 64,Healthcare,Litre
P0065,Service Product 65,Water Treatment,Kg
P0066,Service Product 66,Cleaning,Kg
P0067,Service Product 67,Food Safety,Pack
P0068,Service Product 68,Cleaning,Unit
P0069,Service Product 69,Water Treatment,Unit
P0070,Service Product 70,Pest Control,Litre
P0071,Service Product 71,Healthcare,Pack
P0072,Service Product 72,Food Safety,Kg
P0073,Service Product 73,Cleaning,Litre
P0074,Service Product 74,Pest Control,Pack
P0075,Service Product 75,Water Treatment,Litre
P0076,Service Product 76,Food Safety,Litre
P0077,Service Product 77,Pest Control,Litre
P0078,Service Product 78,Pest Control,Kg
P0079,Service Product 79,Cleaning,Litre
P0080,Service Product 80,Healthcare,Pack
P0081,Service Product 81,Water Treatment,Unit
P0082,Service Product 82,Water Treatment,Kg
P0083,Service Product 83,Cleaning,Litre
P0084,Service Product 84,Pest Control,Kg
P0085,Service Product 85,Healthcare,Litre
P0086,Service Product 86,Food Safety,Pack
P0087,Service Product 87,Cleaning,Kg
P0088,Service Product 88,Water Treatment,Kg
P0089,Service Product 89,Cleaning,Litre
P0090,Service Product 90,Water Treatment,Litre
P0091,Service Product 91,Water Treatment,Litre
P0092,Service Product 92,Healthcare,Litre
P0093,Service Product 93,Water Treatment,Unit
P0094,Service Product 94,Water Treatment,Pack
P0095,Service Product 95,Food Safety,Pack
P0096,Service Product 96,Cleaning,Kg
P0097,Service Product 97,Food Safety,Pack
P0098,Service Product 98,Water Treatment,Unit
P0099,Service Product 99,Cleaning,Litre
P0100,Service Product 100,Food Safety,Litre
P0046,Service Product 46,Cleaning,Pack
P0071,Service Product 71,Healthcare,Pack
